product_id,sku,product_name,category,price,stock,availability
P0001,SKU-00001,Sample Product 1,Luxuries,3.23,7,low_stock
P0002,SKU-00002,Sample Product 2,Rent,3.96,14,low_stock
P0003,SKU-00003,Sample Product 3,Transport,4.69,21,active
P0004,SKU-00004,Sample Product 4,Utilities,5.42,28,active
P0005,SKU-00005,Sample Product 5,Healthcare,6.15,35,active
P0006,SKU-00006,Sample Product 6,Misc,6.88,42,active
P0007,SKU-00007,Sample Product 7,Uncategorized,7.61,49,active
P0008,SKU-00008,Sample Product 8,Food,8.34,56,active
P0009,SKU-00009,Sample Product 9,Luxuries,9.07,63,active
P0010,SKU-00010,Sample Product 10,Rent,9.80,70,active
P0011,SKU-00011,Sample Product 11,Transport,10.53,77,active
P0012,SKU-00012,Sample Product 12,Utilities,11.26,84,active
P0013,SKU-00013,Sample Product 13,Healthcare,11.99,91,active
P0014,SKU-00014,Sample Product 14,Misc,12.72,98,active
P0015,SKU-00015,Sample Product 15,Uncategorized,13.45,105,active
P0016,SKU-00016,Sample Product 16,Food,14.18,112,active
P0017,SKU-00017,Sample Product 17,Luxuries,14.91,119,active
P0018,SKU-00018,Sample Product 18,Rent,15.64,126,active
P0019,SKU-00019,Sample Product 19,Transport,16.37,133,active
P0020,SKU-00020,Sample Product 20,Utilities,17.10,140,active
P0021,SKU-00021,Sample Product 21,Healthcare,17.83,147,active
P0022,SKU-00022,Sample Product 22,Misc,18.56,154,active
P0023,SKU-00023,Sample Product 23,Uncategorized,19.29,161,active
P0024,SKU-00024,Sample Product 24,Food,20.02,168,active
P0025,SKU-00025,Sample Product 25,Luxuries,20.75,175,active
P0026,SKU-00026,Sample Product 26,Rent,21.48,182,active
P0027,SKU-00027,Sample Product 27,Transport,22.21,189,active
P0028,SKU-00028,Sample Product 28,Utilities,22.94,196,active
P0029,SKU-00029,Sample Product 29,Healthcare,23.67,203,active
P0030,SKU-00030,Sample Product 30,Misc,24.40,210,active
P0031,SKU-00031,Sample Product 31,Uncategorized,25.13,217,active
P0032,SKU-00032,Sample Product 32,Food,25.86,224,active
P0033,SKU-00033,Sample Product 33,Luxuries,26.59,231,active
P0034,SKU-00034,Sample Product 34,Rent,27.32,238,active
P0035,SKU-00035,Sample Product 35,Transport,28.05,245,active
P0036,SKU-00036,Sample Product 36,Utilities,28.78,252,active
P0037,SKU-00037,Sample Product 37,Healthcare,29.51,259,active
P0038,SKU-00038,Sample Product 38,Misc,30.24,266,active
P0039,SKU-00039,Sample Product 39,Uncategorized,30.97,273,active
P0040,SKU-00040,Sample Product 40,Food,31.70,280,active
P0041,SKU-00041,Sample Product 41,Luxuries,32.43,287,active
P0042,SKU-00042,Sample Product 42,Rent,33.16,294,active
P0043,SKU-00043,Sample Product 43,Transport,33.89,301,active
P0044,SKU-00044,Sample Product 44,Utilities,34.62,308,active
P0045,SKU-00045,Sample Product 45,Healthcare,35.35,315,active
P0046,SKU-00046,Sample Product 46,Misc,36.08,322,active
P0047,SKU-00047,Sample Product 47,Uncategorized,36.81,329,active
P0048,SKU-00048,Sample Product 48,Food,37.54,336,active
P0049,SKU-00049,Sample Product 49,Luxuries,38.27,343,active
P0050,SKU-00050,Sample Product 50,Rent,39.00,350,active
P0051,SKU-00051,Sample Product 51,Transport,39.73,357,active
P0052,SKU-00052,Sample Product 52,Utilities,40.46,364,active
P0053,SKU-00053,Sample Product 53,Healthcare,41.19,371,active
P0054,SKU-00054,Sample Product 54,Misc,41.92,378,active
P0055,SKU-00055,Sample Product 55,Uncategorized,42.65,385,active
P0056,SKU-00056,Sample Product 56,Food,43.38,392,active
P0057,SKU-00057,Sample Product 57,Luxuries,44.11,399,active
P0058,SKU-00058,Sample Product 58,Rent,44.84,406,active
P0059,SKU-00059,Sample Product 59,Transport,45.57,413,active
P0060,SKU-00060,Sample Product 60,Utilities,46.30,420,active
P0061,SKU-00061,Sample Product 61,Healthcare,47.03,427,active
P0062,SKU-00062,Sample Product 62,Misc,47.76,434,active
P0063,SKU-00063,Sample Product 63,Uncategorized,48.49,441,active
P0064,SKU-00064,Sample Product 64,Food,49.22,448,active
P0065,SKU-00065,Sample Product 65,Luxuries,49.95,455,active
P0066,SKU-00066,Sample Product 66,Rent,50.68,462,active
P0067,SKU-00067,Sample Product 67,Transport,51.41,469,active
P0068,SKU-00068,Sample Product 68,Utilities,52.14,476,active
P0069,SKU-00069,Sample Product 69,Healthcare,52.87,483,active
P0070,SKU-00070,Sample Product 70,Misc,53.60,490,active
P0071,SKU-00071,Sample Product 71,Uncategorized,54.33,497,active
P0072,SKU-00072,Sample Product 72,Food,55.06,4,low_stock
P0073,SKU-00073,Sample Product 73,Luxuries,55.79,11,low_stock
P0074,SKU-00074,Sample Product 74,Rent,56.52,18,low_stock
P0075,SKU-00075,Sample Product 75,Transport,57.25,25,active
P0076,SKU-00076,Sample Product 76,Utilities,57.98,32,active
P0077,SKU-00077,Sample Product 77,Healthcare,58.71,39,active
P0078,SKU-00078,Sample Product 78,Misc,59.44,46,active
P0079,SKU-00079,Sample Product 79,Uncategorized,60.17,53,active
P0080,SKU-00080,Sample Product 80,Food,60.90,60,active
P0081,SKU-00081,Sample Product 81,Luxuries,61.63,67,active
P0082,SKU-00082,Sample Product 82,Rent,62.36,74,active
P0083,SKU-00083,Sample Product 83,Transport,63.09,81,active
P0084,SKU-00084,Sample Product 84,Utilities,63.82,88,active
P0085,SKU-00085,Sample Product 85,Healthcare,64.55,95,active
P0086,SKU-00086,Sample Product 86,Misc,65.28,102,active
P0087,SKU-00087,Sample Product 87,Uncategorized,66.01,109,active
P0088,SKU-00088,Sample Product 88,Food,66.74,116,active
P0089,SKU-00089,Sample Product 89,Luxuries,67.47,123,active
P0090,SKU-00090,Sample Product 90,Rent,68.20,130,active
P0091,SKU-00091,Sample Product 91,Transport,68.93,137,active
P0092,SKU-00092,Sample Product 92,Utilities,69.66,144,active
P0093,SKU-00093,Sample Product 93,Healthcare,70.39,151,active
P0094,SKU-00094,Sample Product 94,Misc,71.12,158,active
P0095,SKU-00095,Sample Product 95,Uncategorized,71.85,165,active
P0096,SKU-00096,Sample Product 96,Food,72.58,172,active
P0097,SKU-00097,Sample Product 97,Luxuries,73.31,179,active
P0098,SKU-00098,Sample Product 98,Rent,74.04,186,active
P0099,SKU-00099,Sample Product 99,Transport,74.77,193,active
P0100,SKU-00100,Sample Product 100,Utilities,75.50,200,active
P0101,SKU-00101,Sample Product 101,Healthcare,76.23,207,active
P0102,SKU-00102,Sample Product 102,Misc,76.96,214,active
P0103,SKU-00103,Sample Product 103,Uncategorized,77.69,221,active
P0104,SKU-00104,Sample Product 104,Food,78.42,228,active
P0105,SKU-00105,Sample Product 105,Luxuries,79.15,235,active
P0106,SKU-00106,Sample Product 106,Rent,79.88,242,active
P0107,SKU-00107,Sample Product 107,Transport,80.61,249,active
P0108,SKU-00108,Sample Product 108,Utilities,81.34,256,active
P0109,SKU-00109,Sample Product 109,Healthcare,82.07,263,active
P0110,SKU-00110,Sample Product 110,Misc,82.80,270,active
P0111,SKU-00111,Sample Product 111,Uncategorized,83.53,277,active
P0112,SKU-00112,Sample Product 112,Food,84.26,284,active
P0113,SKU-00113,Sample Product 113,Luxuries,84.99,291,active
P0114,SKU-00114,Sample Product 114,Rent,85.72,298,active
P0115,SKU-00115,Sample Product 115,Transport,86.45,305,active
P0116,SKU-00116,Sample Product 116,Utilities,87.18,312,active
P0117,SKU-00117,Sample Product 117,Healthcare,87.91,319,active
P0118,SKU-00118,Sample Product 118,Misc,88.64,326,active
P0119,SKU-00119,Sample Product 119,Uncategorized,89.37,333,active
P0120,SKU-00120,Sample Product 120,Food,90.10,340,active
P0121,SKU-00121,Sample Product 121,Luxuries,90.83,347,active
P0122,SKU-00122,Sample Product 122,Rent,91.56,354,active
P0123,SKU-00123,Sample Product 123,Transport,92.29,361,active
P0124,SKU-00124,Sample Product 124,Utilities,93.02,368,active
P0125,SKU-00125,Sample Product 125,Healthcare,93.75,375,active
P0126,SKU-00126,Sample Product 126,Misc,94.48,382,active
P0127,SKU-00127,Sample Product 127,Uncategorized,95.21,389,active
P0128,SKU-00128,Sample Product 128,Food,95.94,396,active
P0129,SKU-00129,Sample Product 129,Luxuries,96.67,403,active
P0130,SKU-00130,Sample Product 130,Rent,97.40,410,active
P0131,SKU-00131,Sample Product 131,Transport,98.13,417,active
P0132,SKU-00132,Sample Product 132,Utilities,98.86,424,active
P0133,SKU-00133,Sample Product 133,Healthcare,99.59,431,active
P0134,SKU-00134,Sample Product 134,Misc,100.32,438,active
P0135,SKU-00135,Sample Product 135,Uncategorized,101.05,445,active
P0136,SKU-00136,Sample Product 136,Food,101.78,452,active
P0137,SKU-00137,Sample Product 137,Luxuries,102.51,459,active
P0138,SKU-00138,Sample Product 138,Rent,103.24,466,active
P0139,SKU-00139,Sample Product 139,Transport,103.97,473,active
P0140,SKU-00140,Sample Product 140,Utilities,104.70,480,active
P0141,SKU-00141,Sample Product 141,Healthcare,105.43,487,active
P0142,SKU-00142,Sample Product 142,Misc,106.16,494,active
P0143,SKU-00143,Sample Product 143,Uncategorized,106.89,1,low_stock
P0144,SKU-00144,Sample Product 144,Food,107.62,8,low_stock
P0145,SKU-00145,Sample Product 145,Luxuries,108.35,15,low_stock
P0146,SKU-00146,Sample Product 146,Rent,109.08,22,active
P0147,SKU-00147,Sample Product 147,Transport,109.81,29,active
P0148,SKU-00148,Sample Product 148,Utilities,110.54,36,active
P0149,SKU-00149,Sample Product 149,Healthcare,111.27,43,active
P0150,SKU-00150,Sample Product 150,Misc,112.00,50,active
P0151,SKU-00151,Sample Product 151,Uncategorized,112.73,57,active
P0152,SKU-00152,Sample Product 152,Food,113.46,64,active
P0153,SKU-00153,Sample Product 153,Luxuries,114.19,71,active
P0154,SKU-00154,Sample Product 154,Rent,114.92,78,active
P0155,SKU-00155,Sample Product 155,Transport,115.65,85,active
P0156,SKU-00156,Sample Product 156,Utilities,116.38,92,active
P0157,SKU-00157,Sample Product 157,Healthcare,117.11,99,active
P0158,SKU-00158,Sample Product 158,Misc,117.84,106,active
P0159,SKU-00159,Sample Product 159,Uncategorized,118.57,113,active
P0160,SKU-00160,Sample Product 160,Food,119.30,120,active
P0161,SKU-00161,Sample Product 161,Luxuries,120.03,127,active
P0162,SKU-00162,Sample Product 162,Rent,120.76,134,active
P0163,SKU-00163,Sample Product 163,Transport,121.49,141,active
P0164,SKU-00164,Sample Product 164,Utilities,122.22,148,active
P0165,SKU-00165,Sample Product 165,Healthcare,122.95,155,active
P0166,SKU-00166,Sample Product 166,Misc,123.68,162,active
P0167,SKU-00167,Sample Product 167,Uncategorized,124.41,169,active
P0168,SKU-00168,Sample Product 168,Food,125.14,176,active
P0169,SKU-00169,Sample Product 169,Luxuries,125.87,183,active
P0170,SKU-00170,Sample Product 170,Rent,126.60,190,active
P0171,SKU-00171,Sample Product 171,Transport,127.33,197,active
P0172,SKU-00172,Sample Product 172,Utilities,128.06,204,active
P0173,SKU-00173,Sample Product 173,Healthcare,128.79,211,active
P0174,SKU-00174,Sample Product 174,Misc,129.52,218,active
P0175,SKU-00175,Sample Product 175,Uncategorized,130.25,225,active
P0176,SKU-00176,Sample Product 176,Food,130.98,232,active
P0177,SKU-00177,Sample Product 177,Luxuries,131.71,239,active
P0178,SKU-00178,Sample Product 178,Rent,132.44,246,active
P0179,SKU-00179,Sample Product 179,Transport,133.17,253,active
P0180,SKU-00180,Sample Product 180,Utilities,133.90,260,active
P0181,SKU-00181,Sample Product 181,Healthcare,134.63,267,active
P0182,SKU-00182,Sample Product 182,Misc,135.36,274,active
P0183,SKU-00183,Sample Product 183,Uncategorized,136.09,281,active
P0184,SKU-00184,Sample Product 184,Food,136.82,288,active
P0185,SKU-00185,Sample Product 185,Luxuries,137.55,295,active
P0186,SKU-00186,Sample Product 186,Rent,138.28,302,active
P0187,SKU-00187,Sample Product 187,Transport,139.01,309,active
P0188,SKU-00188,Sample Product 188,Utilities,139.74,316,active
P0189,SKU-00189,Sample Product 189,Healthcare,140.47,323,active
P0190,SKU-00190,Sample Product 190,Misc,141.20,330,active
P0191,SKU-00191,Sample Product 191,Uncategorized,141.93,337,active
P0192,SKU-00192,Sample Product 192,Food,142.66,344,active
P0193,SKU-00193,Sample Product 193,Luxuries,143.39,351,active
P0194,SKU-00194,Sample Product 194,Rent,144.12,358,active
P0195,SKU-00195,Sample Product 195,Transport,144.85,365,active
P0196,SKU-00196,Sample Product 196,Utilities,145.58,372,active
P0197,SKU-00197,Sample Product 197,Healthcare,146.31,379,active
P0198,SKU-00198,Sample Product 198,Misc,147.04,386,active
P0199,SKU-00199,Sample Product 199,Uncategorized,147.77,393,active
P0200,SKU-00200,Sample Product 200,Food,148.50,400,active
P0201,SKU-00201,Sample Product 201,Luxuries,149.23,407,active
P0202,SKU-00202,Sample Product 202,Rent,149.96,414,active
P0203,SKU-00203,Sample Product 203,Transport,150.69,421,active
P0204,SKU-00204,Sample Product 204,Utilities,151.42,428,active
P0205,SKU-00205,Sample Product 205,Healthcare,152.15,435,active
P0206,SKU-00206,Sample Product 206,Misc,152.88,442,active
P0207,SKU-00207,Sample Product 207,Uncategorized,153.61,449,active
P0208,SKU-00208,Sample Product 208,Food,154.34,456,active
P0209,SKU-00209,Sample Product 209,Luxuries,155.07,463,active
P0210,SKU-00210,Sample Product 210,Rent,155.80,470,active
P0211,SKU-00211,Sample Product 211,Transport,156.53,477,active
P0212,SKU-00212,Sample Product 212,Utilities,157.26,484,active
P0213,SKU-00213,Sample Product 213,Healthcare,157.99,491,active
P0214,SKU-00214,Sample Product 214,Misc,158.72,498,active
P0215,SKU-00215,Sample Product 215,Uncategorized,159.45,5,low_stock
P0216,SKU-00216,Sample Product 216,Food,160.18,12,low_stock
P0217,SKU-00217,Sample Product 217,Luxuries,160.91,19,low_stock
P0218,SKU-00218,Sample Product 218,Rent,161.64,26,active
P0219,SKU-00219,Sample Product 219,Transport,162.37,33,active
P0220,SKU-00220,Sample Product 220,Utilities,163.10,40,active
P0221,SKU-00221,Sample Product 221,Healthcare,163.83,47,active
P0222,SKU-00222,Sample Product 222,Misc,164.56,54,active
P0223,SKU-00223,Sample Product 223,Uncategorized,165.29,61,active
P0224,SKU-00224,Sample Product 224,Food,166.02,68,active
P0225,SKU-00225,Sample Product 225,Luxuries,166.75,75,active
P0226,SKU-00226,Sample Product 226,Rent,167.48,82,active
P0227,SKU-00227,Sample Product 227,Transport,168.21,89,active
P0228,SKU-00228,Sample Product 228,Utilities,168.94,96,active
P0229,SKU-00229,Sample Product 229,Healthcare,169.67,103,active
P0230,SKU-00230,Sample Product 230,Misc,170.40,110,active
P0231,SKU-00231,Sample Product 231,Uncategorized,171.13,117,active
P0232,SKU-00232,Sample Product 232,Food,171.86,124,active
P0233,SKU-00233,Sample Product 233,Luxuries,172.59,131,active
P0234,SKU-00234,Sample Product 234,Rent,173.32,138,active
P0235,SKU-00235,Sample Product 235,Transport,174.05,145,active
P0236,SKU-00236,Sample Product 236,Utilities,174.78,152,active
P0237,SKU-00237,Sample Product 237,Healthcare,175.51,159,active
P0238,SKU-00238,Sample Product 238,Misc,176.24,166,active
P0239,SKU-00239,Sample Product 239,Uncategorized,176.97,173,active
P0240,SKU-00240,Sample Product 240,Food,177.70,180,active
P0241,SKU-00241,Sample Product 241,Luxuries,178.43,187,active
P0242,SKU-00242,Sample Product 242,Rent,179.16,194,active
P0243,SKU-00243,Sample Product 243,Transport,179.89,201,active
P0244,SKU-00244,Sample Product 244,Utilities,180.62,208,active
P0245,SKU-00245,Sample Product 245,Healthcare,181.35,215,active
P0246,SKU-00246,Sample Product 246,Misc,182.08,222,active
P0247,SKU-00247,Sample Product 247,Uncategorized,182.81,229,active
P0248,SKU-00248,Sample Product 248,Food,183.54,236,active
P0249,SKU-00249,Sample Product 249,Luxuries,184.27,243,active
P0250,SKU-00250,Sample Product 250,Rent,185.00,250,active
P0251,SKU-00251,Sample Product 251,Transport,185.73,257,active
P0252,SKU-00252,Sample Product 252,Utilities,186.46,264,active
P0253,SKU-00253,Sample Product 253,Healthcare,187.19,271,active
P0254,SKU-00254,Sample Product 254,Misc,187.92,278,active
P0255,SKU-00255,Sample Product 255,Uncategorized,188.65,285,active
P0256,SKU-00256,Sample Product 256,Food,189.38,292,active
P0257,SKU-00257,Sample Product 257,Luxuries,190.11,299,active
P0258,SKU-00258,Sample Product 258,Rent,190.84,306,active
P0259,SKU-00259,Sample Product 259,Transport,191.57,313,active
P0260,SKU-00260,Sample Product 260,Utilities,192.30,320,active
P0261,SKU-00261,Sample Product 261,Healthcare,193.03,327,active
P0262,SKU-00262,Sample Product 262,Misc,193.76,334,active
P0263,SKU-00263,Sample Product 263,Uncategorized,194.49,341,active
P0264,SKU-00264,Sample Product 264,Food,195.22,348,active
P0265,SKU-00265,Sample Product 265,Luxuries,195.95,355,active
P0266,SKU-00266,Sample Product 266,Rent,196.68,362,active
P0267,SKU-00267,Sample Product 267,Transport,197.41,369,active
P0268,SKU-00268,Sample Product 268,Utilities,198.14,376,active
P0269,SKU-00269,Sample Product 269,Healthcare,198.87,383,active
P0270,SKU-00270,Sample Product 270,Misc,199.60,390,active
P0271,SKU-00271,Sample Product 271,Uncategorized,200.33,397,active
P0272,SKU-00272,Sample Product 272,Food,201.06,404,active
P0273,SKU-00273,Sample Product 273,Luxuries,201.79,411,active
P0274,SKU-00274,Sample Product 274,Rent,202.52,418,active
P0275,SKU-00275,Sample Product 275,Transport,203.25,425,active
P0276,SKU-00276,Sample Product 276,Utilities,203.98,432,active
P0277,SKU-00277,Sample Product 277,Healthcare,204.71,439,active
P0278,SKU-00278,Sample Product 278,Misc,205.44,446,active
P0279,SKU-00279,Sample Product 279,Uncategorized,206.17,453,active
P0280,SKU-00280,Sample Product 280,Food,206.90,460,active
P0281,SKU-00281,Sample Product 281,Luxuries,207.63,467,active
P0282,SKU-00282,Sample Product 282,Rent,208.36,474,active
P0283,SKU-00283,Sample Product 283,Transport,209.09,481,active
P0284,SKU-00284,Sample Product 284,Utilities,209.82,488,active
P0285,SKU-00285,Sample Product 285,Healthcare,210.55,495,active
P0286,SKU-00286,Sample Product 286,Misc,211.28,2,low_stock
P0287,SKU-00287,Sample Product 287,Uncategorized,212.01,9,low_stock
P0288,SKU-00288,Sample Product 288,Food,212.74,16,low_stock
P0289,SKU-00289,Sample Product 289,Luxuries,213.47,23,active
P0290,SKU-00290,Sample Product 290,Rent,214.20,30,active
P0291,SKU-00291,Sample Product 291,Transport,214.93,37,active
P0292,SKU-00292,Sample Product 292,Utilities,215.66,44,active
P0293,SKU-00293,Sample Product 293,Healthcare,216.39,51,active
P0294,SKU-00294,Sample Product 294,Misc,217.12,58,active
P0295,SKU-00295,Sample Product 295,Uncategorized,217.85,65,active
P0296,SKU-00296,Sample Product 296,Food,218.58,72,active
P0297,SKU-00297,Sample Product 297,Luxuries,219.31,79,active
P0298,SKU-00298,Sample Product 298,Rent,220.04,86,active
P0299,SKU-00299,Sample Product 299,Transport,220.77,93,active
P0300,SKU-00300,Sample Product 300,Utilities,2.50,100,active
P0301,SKU-00301,Sample Product 301,Healthcare,3.23,107,active
P0302,SKU-00302,Sample Product 302,Misc,3.96,114,active
P0303,SKU-00303,Sample Product 303,Uncategorized,4.69,121,active
P0304,SKU-00304,Sample Product 304,Food,5.42,128,active
P0305,SKU-00305,Sample Product 305,Luxuries,6.15,135,active
P0306,SKU-00306,Sample Product 306,Rent,6.88,142,active
P0307,SKU-00307,Sample Product 307,Transport,7.61,149,active
P0308,SKU-00308,Sample Product 308,Utilities,8.34,156,active
P0309,SKU-00309,Sample Product 309,Healthcare,9.07,163,active
P0310,SKU-00310,Sample Product 310,Misc,9.80,170,active
P0311,SKU-00311,Sample Product 311,Uncategorized,10.53,177,active
P0312,SKU-00312,Sample Product 312,Food,11.26,184,active
P0313,SKU-00313,Sample Product 313,Luxuries,11.99,191,active
P0314,SKU-00314,Sample Product 314,Rent,12.72,198,active
P0315,SKU-00315,Sample Product 315,Transport,13.45,205,active
P0316,SKU-00316,Sample Product 316,Utilities,14.18,212,active
P0317,SKU-00317,Sample Product 317,Healthcare,14.91,219,active
P0318,SKU-00318,Sample Product 318,Misc,15.64,226,active
P0319,SKU-00319,Sample Product 319,Uncategorized,16.37,233,active
P0320,SKU-00320,Sample Product 320,Food,17.10,240,active
P0321,SKU-00321,Sample Product 321,Luxuries,17.83,247,active
P0322,SKU-00322,Sample Product 322,Rent,18.56,254,active
P0323,SKU-00323,Sample Product 323,Transport,19.29,261,active
P0324,SKU-00324,Sample Product 324,Utilities,20.02,268,active
P0325,SKU-00325,Sample Product 325,Healthcare,20.75,275,active
P0326,SKU-00326,Sample Product 326,Misc,21.48,282,active
P0327,SKU-00327,Sample Product 327,Uncategorized,22.21,289,active
P0328,SKU-00328,Sample Product 328,Food,22.94,296,active
P0329,SKU-00329,Sample Product 329,Luxuries,23.67,303,active
P0330,SKU-00330,Sample Product 330,Rent,24.40,310,active
P0331,SKU-00331,Sample Product 331,Transport,25.13,317,active
P0332,SKU-00332,Sample Product 332,Utilities,25.86,324,active
P0333,SKU-00333,Sample Product 333,Healthcare,26.59,331,active
P0334,SKU-00334,Sample Product 334,Misc,27.32,338,active
P0335,SKU-00335,Sample Product 335,Uncategorized,28.05,345,active
P0336,SKU-00336,Sample Product 336,Food,28.78,352,active
P0337,SKU-00337,Sample Product 337,Luxuries,29.51,359,active
P0338,SKU-00338,Sample Product 338,Rent,30.24,366,active
P0339,SKU-00339,Sample Product 339,Transport,30.97,373,active
P0340,SKU-00340,Sample Product 340,Utilities,31.70,380,active
P0341,SKU-00341,Sample Product 341,Healthcare,32.43,387,active
P0342,SKU-00342,Sample Product 342,Misc,33.16,394,active
P0343,SKU-00343,Sample Product 343,Uncategorized,33.89,401,active
P0344,SKU-00344,Sample Product 344,Food,34.62,408,active
P0345,SKU-00345,Sample Product 345,Luxuries,35.35,415,active
P0346,SKU-00346,Sample Product 346,Rent,36.08,422,active
P0347,SKU-00347,Sample Product 347,Transport,36.81,429,active
P0348,SKU-00348,Sample Product 348,Utilities,37.54,436,active
P0349,SKU-00349,Sample Product 349,Healthcare,38.27,443,active
P0350,SKU-00350,Sample Product 350,Misc,39.00,450,active
P0351,SKU-00351,Sample Product 351,Uncategorized,39.73,457,active
P0352,SKU-00352,Sample Product 352,Food,40.46,464,active
P0353,SKU-00353,Sample Product 353,Luxuries,41.19,471,active
P0354,SKU-00354,Sample Product 354,Rent,41.92,478,active
P0355,SKU-00355,Sample Product 355,Transport,42.65,485,active
P0356,SKU-00356,Sample Product 356,Utilities,43.38,492,active
P0357,SKU-00357,Sample Product 357,Healthcare,44.11,499,active
P0358,SKU-00358,Sample Product 358,Misc,44.84,6,low_stock
P0359,SKU-00359,Sample Product 359,Uncategorized,45.57,13,low_stock
P0360,SKU-00360,Sample Product 360,Food,46.30,20,active
P0361,SKU-00361,Sample Product 361,Luxuries,47.03,27,active
P0362,SKU-00362,Sample Product 362,Rent,47.76,34,active
P0363,SKU-00363,Sample Product 363,Transport,48.49,41,active
P0364,SKU-00364,Sample Product 364,Utilities,49.22,48,active
P0365,SKU-00365,Sample Product 365,Healthcare,49.95,55,active
P0366,SKU-00366,Sample Product 366,Misc,50.68,62,active
P0367,SKU-00367,Sample Product 367,Uncategorized,51.41,69,active
P0368,SKU-00368,Sample Product 368,Food,52.14,76,active
P0369,SKU-00369,Sample Product 369,Luxuries,52.87,83,active
P0370,SKU-00370,Sample Product 370,Rent,53.60,90,active
P0371,SKU-00371,Sample Product 371,Transport,54.33,97,active
P0372,SKU-00372,Sample Product 372,Utilities,55.06,104,active
P0373,SKU-00373,Sample Product 373,Healthcare,55.79,111,active
P0374,SKU-00374,Sample Product 374,Misc,56.52,118,active
P0375,SKU-00375,Sample Product 375,Uncategorized,57.25,125,active
P0376,SKU-00376,Sample Product 376,Food,57.98,132,active
P0377,SKU-00377,Sample Product 377,Luxuries,58.71,139,active
P0378,SKU-00378,Sample Product 378,Rent,59.44,146,active
P0379,SKU-00379,Sample Product 379,Transport,60.17,153,active
P0380,SKU-00380,Sample Product 380,Utilities,60.90,160,active
P0381,SKU-00381,Sample Product 381,Healthcare,61.63,167,active
P0382,SKU-00382,Sample Product 382,Misc,62.36,174,active
P0383,SKU-00383,Sample Product 383,Uncategorized,63.09,181,active
P0384,SKU-00384,Sample Product 384,Food,63.82,188,active
P0385,SKU-00385,Sample Product 385,Luxuries,64.55,195,active
P0386,SKU-00386,Sample Product 386,Rent,65.28,202,active
P0387,SKU-00387,Sample Product 387,Transport,66.01,209,active
P0388,SKU-00388,Sample Product 388,Utilities,66.74,216,active
P0389,SKU-00389,Sample Product 389,Healthcare,67.47,223,active
P0390,SKU-00390,Sample Product 390,Misc,68.20,230,active
P0391,SKU-00391,Sample Product 391,Uncategorized,68.93,237,active
P0392,SKU-00392,Sample Product 392,Food,69.66,244,active
P0393,SKU-00393,Sample Product 393,Luxuries,70.39,251,active
P0394,SKU-00394,Sample Product 394,Rent,71.12,258,active
P0395,SKU-00395,Sample Product 395,Transport,71.85,265,active
P0396,SKU-00396,Sample Product 396,Utilities,72.58,272,active
P0397,SKU-00397,Sample Product 397,Healthcare,73.31,279,active
P0398,SKU-00398,Sample Product 398,Misc,74.04,286,active
P0399,SKU-00399,Sample Product 399,Uncategorized,74.77,293,active
P0400,SKU-00400,Sample Product 400,Food,75.50,300,active
P0401,SKU-00401,Sample Product 401,Luxuries,76.23,307,active
P0402,SKU-00402,Sample Product 402,Rent,76.96,314,active
P0403,SKU-00403,Sample Product 403,Transport,77.69,321,active
P0404,SKU-00404,Sample Product 404,Utilities,78.42,328,active
P0405,SKU-00405,Sample Product 405,Healthcare,79.15,335,active
P0406,SKU-00406,Sample Product 406,Misc,79.88,342,active
P0407,SKU-00407,Sample Product 407,Uncategorized,80.61,349,active
P0408,SKU-00408,Sample Product 408,Food,81.34,356,active
P0409,SKU-00409,Sample Product 409,Luxuries,82.07,363,active
P0410,SKU-00410,Sample Product 410,Rent,82.80,370,active
P0411,SKU-00411,Sample Product 411,Transport,83.53,377,active
P0412,SKU-00412,Sample Product 412,Utilities,84.26,384,active
P0413,SKU-00413,Sample Product 413,Healthcare,84.99,391,active
P0414,SKU-00414,Sample Product 414,Misc,85.72,398,active
P0415,SKU-00415,Sample Product 415,Uncategorized,86.45,405,active
P0416,SKU-00416,Sample Product 416,Food,87.18,412,active
P0417,SKU-00417,Sample Product 417,Luxuries,87.91,419,active
P0418,SKU-00418,Sample Product 418,Rent,88.64,426,active
P0419,SKU-00419,Sample Product 419,Transport,89.37,433,active
P0420,SKU-00420,Sample Product 420,Utilities,90.10,440,active
P0421,SKU-00421,Sample Product 421,Healthcare,90.83,447,active
P0422,SKU-00422,Sample Product 422,Misc,91.56,454,active
P0423,SKU-00423,Sample Product 423,Uncategorized,92.29,461,active
P0424,SKU-00424,Sample Product 424,Food,93.02,468,active
P0425,SKU-00425,Sample Product 425,Luxuries,93.75,475,active
P0426,SKU-00426,Sample Product 426,Rent,94.48,482,active
P0427,SKU-00427,Sample Product 427,Transport,95.21,489,active
P0428,SKU-00428,Sample Product 428,Utilities,95.94,496,active
P0429,SKU-00429,Sample Product 429,Healthcare,96.67,3,low_stock
P0430,SKU-00430,Sample Product 430,Misc,97.40,10,low_stock
P0431,SKU-00431,Sample Product 431,Uncategorized,98.13,17,low_stock
P0432,SKU-00432,Sample Product 432,Food,98.86,24,active
P0433,SKU-00433,Sample Product 433,Luxuries,99.59,31,active
P0434,SKU-00434,Sample Product 434,Rent,100.32,38,active
P0435,SKU-00435,Sample Product 435,Transport,101.05,45,active
P0436,SKU-00436,Sample Product 436,Utilities,101.78,52,active
P0437,SKU-00437,Sample Product 437,Healthcare,102.51,59,active
P0438,SKU-00438,Sample Product 438,Misc,103.24,66,active
P0439,SKU-00439,Sample Product 439,Uncategorized,103.97,73,active
P0440,SKU-00440,Sample Product 440,Food,104.70,80,active
P0441,SKU-00441,Sample Product 441,Luxuries,105.43,87,active
P0442,SKU-00442,Sample Product 442,Rent,106.16,94,active
P0443,SKU-00443,Sample Product 443,Transport,106.89,101,active
P0444,SKU-00444,Sample Product 444,Utilities,107.62,108,active
P0445,SKU-00445,Sample Product 445,Healthcare,108.35,115,active
P0446,SKU-00446,Sample Product 446,Misc,109.08,122,active
P0447,SKU-00447,Sample Product 447,Uncategorized,109.81,129,active
P0448,SKU-00448,Sample Product 448,Food,110.54,136,active
P0449,SKU-00449,Sample Product 449,Luxuries,111.27,143,active
P0450,SKU-00450,Sample Product 450,Rent,112.00,150,active
P0451,SKU-00451,Sample Product 451,Transport,112.73,157,active
P0452,SKU-00452,Sample Product 452,Utilities,113.46,164,active
P0453,SKU-00453,Sample Product 453,Healthcare,114.19,171,active
P0454,SKU-00454,Sample Product 454,Misc,114.92,178,active
P0455,SKU-00455,Sample Product 455,Uncategorized,115.65,185,active
P0456,SKU-00456,Sample Product 456,Food,116.38,192,active
P0457,SKU-00457,Sample Product 457,Luxuries,117.11,199,active
P0458,SKU-00458,Sample Product 458,Rent,117.84,206,active
P0459,SKU-00459,Sample Product 459,Transport,118.57,213,active
P0460,SKU-00460,Sample Product 460,Utilities,119.30,220,active
P0461,SKU-00461,Sample Product 461,Healthcare,120.03,227,active
P0462,SKU-00462,Sample Product 462,Misc,120.76,234,active
P0463,SKU-00463,Sample Product 463,Uncategorized,121.49,241,active
P0464,SKU-00464,Sample Product 464,Food,122.22,248,active
P0465,SKU-00465,Sample Product 465,Luxuries,122.95,255,active
P0466,SKU-00466,Sample Product 466,Rent,123.68,262,active
P0467,SKU-00467,Sample Product 467,Transport,124.41,269,active
P0468,SKU-00468,Sample Product 468,Utilities,125.14,276,active
P0469,SKU-00469,Sample Product 469,Healthcare,125.87,283,active
P0470,SKU-00470,Sample Product 470,Misc,126.60,290,active
P0471,SKU-00471,Sample Product 471,Uncategorized,127.33,297,active
P0472,SKU-00472,Sample Product 472,Food,128.06,304,active
P0473,SKU-00473,Sample Product 473,Luxuries,128.79,311,active
P0474,SKU-00474,Sample Product 474,Rent,129.52,318,active
P0475,SKU-00475,Sample Product 475,Transport,130.25,325,active
P0476,SKU-00476,Sample Product 476,Utilities,130.98,332,active
P0477,SKU-00477,Sample Product 477,Healthcare,131.71,339,active
P0478,SKU-00478,Sample Product 478,Misc,132.44,346,active
P0479,SKU-00479,Sample Product 479,Uncategorized,133.17,353,active
P0480,SKU-00480,Sample Product 480,Food,133.90,360,active
P0481,SKU-00481,Sample Product 481,Luxuries,134.63,367,active
P0482,SKU-00482,Sample Product 482,Rent,135.36,374,active
P0483,SKU-00483,Sample Product 483,Transport,136.09,381,active
P0484,SKU-00484,Sample Product 484,Utilities,136.82,388,active
P0485,SKU-00485,Sample Product 485,Healthcare,137.55,395,active
P0486,SKU-00486,Sample Product 486,Misc,138.28,402,active
P0487,SKU-00487,Sample Product 487,Uncategorized,139.01,409,active
P0488,SKU-00488,Sample Product 488,Food,139.74,416,active
P0489,SKU-00489,Sample Product 489,Luxuries,140.47,423,active
P0490,SKU-00490,Sample Product 490,Rent,141.20,430,active
P0491,SKU-00491,Sample Product 491,Transport,141.93,437,active
P0492,SKU-00492,Sample Product 492,Utilities,142.66,444,active
P0493,SKU-00493,Sample Product 493,Healthcare,143.39,451,active
P0494,SKU-00494,Sample Product 494,Misc,144.12,458,active
P0495,SKU-00495,Sample Product 495,Uncategorized,144.85,465,active
P0496,SKU-00496,Sample Product 496,Food,145.58,472,active
P0497,SKU-00497,Sample Product 497,Luxuries,146.31,479,active
P0498,SKU-00498,Sample Product 498,Rent,147.04,486,active
P0499,SKU-00499,Sample Product 499,Transport,147.77,493,active
P0500,SKU-00500,Sample Product 500,Utilities,148.50,0,low_stock
P0501,SKU-00501,Sample Product 501,Healthcare,149.23,7,low_stock
P0502,SKU-00502,Sample Product 502,Misc,149.96,14,low_stock
P0503,SKU-00503,Sample Product 503,Uncategorized,150.69,21,active
P0504,SKU-00504,Sample Product 504,Food,151.42,28,active
P0505,SKU-00505,Sample Product 505,Luxuries,152.15,35,active
P0506,SKU-00506,Sample Product 506,Rent,152.88,42,active
P0507,SKU-00507,Sample Product 507,Transport,153.61,49,active
P0508,SKU-00508,Sample Product 508,Utilities,154.34,56,active
P0509,SKU-00509,Sample Product 509,Healthcare,155.07,63,active
P0510,SKU-00510,Sample Product 510,Misc,155.80,70,active
P0511,SKU-00511,Sample Product 511,Uncategorized,156.53,77,active
P0512,SKU-00512,Sample Product 512,Food,157.26,84,active
P0513,SKU-00513,Sample Product 513,Luxuries,157.99,91,active
P0514,SKU-00514,Sample Product 514,Rent,158.72,98,active
P0515,SKU-00515,Sample Product 515,Transport,159.45,105,active
P0516,SKU-00516,Sample Product 516,Utilities,160.18,112,active
P0517,SKU-00517,Sample Product 517,Healthcare,160.91,119,active
P0518,SKU-00518,Sample Product 518,Misc,161.64,126,active
P0519,SKU-00519,Sample Product 519,Uncategorized,162.37,133,active
P0520,SKU-00520,Sample Product 520,Food,163.10,140,active
P0521,SKU-00521,Sample Product 521,Luxuries,163.83,147,active
P0522,SKU-00522,Sample Product 522,Rent,164.56,154,active
P0523,SKU-00523,Sample Product 523,Transport,165.29,161,active
P0524,SKU-00524,Sample Product 524,Utilities,166.02,168,active
P0525,SKU-00525,Sample Product 525,Healthcare,166.75,175,active
P0526,SKU-00526,Sample Product 526,Misc,167.48,182,active
P0527,SKU-00527,Sample Product 527,Uncategorized,168.21,189,active
P0528,SKU-00528,Sample Product 528,Food,168.94,196,active
P0529,SKU-00529,Sample Product 529,Luxuries,169.67,203,active
P0530,SKU-00530,Sample Product 530,Rent,170.40,210,active
P0531,SKU-00531,Sample Product 531,Transport,171.13,217,active
P0532,SKU-00532,Sample Product 532,Utilities,171.86,224,active
P0533,SKU-00533,Sample Product 533,Healthcare,172.59,231,active
P0534,SKU-00534,Sample Product 534,Misc,173.32,238,active
P0535,SKU-00535,Sample Product 535,Uncategorized,174.05,245,active
P0536,SKU-00536,Sample Product 536,Food,174.78,252,active
P0537,SKU-00537,Sample Product 537,Luxuries,175.51,259,active
P0538,SKU-00538,Sample Product 538,Rent,176.24,266,active
P0539,SKU-00539,Sample Product 539,Transport,176.97,273,active
P0540,SKU-00540,Sample Product 540,Utilities,177.70,280,active
P0541,SKU-00541,Sample Product 541,Healthcare,178.43,287,active
P0542,SKU-00542,Sample Product 542,Misc,179.16,294,active
P0543,SKU-00543,Sample Product 543,Uncategorized,179.89,301,active
P0544,SKU-00544,Sample Product 544,Food,180.62,308,active
P0545,SKU-00545,Sample Product 545,Luxuries,181.35,315,active
P0546,SKU-00546,Sample Product 546,Rent,182.08,322,active
P0547,SKU-00547,Sample Product 547,Transport,182.81,329,active
P0548,SKU-00548,Sample Product 548,Utilities,183.54,336,active
P0549,SKU-00549,Sample Product 549,Healthcare,184.27,343,active
P0550,SKU-00550,Sample Product 550,Misc,185.00,350,active
P0551,SKU-00551,Sample Product 551,Uncategorized,185.73,357,active
P0552,SKU-00552,Sample Product 552,Food,186.46,364,active
P0553,SKU-00553,Sample Product 553,Luxuries,187.19,371,active
P0554,SKU-00554,Sample Product 554,Rent,187.92,378,active
P0555,SKU-00555,Sample Product 555,Transport,188.65,385,active
P0556,SKU-00556,Sample Product 556,Utilities,189.38,392,active
P0557,SKU-00557,Sample Product 557,Healthcare,190.11,399,active
P0558,SKU-00558,Sample Product 558,Misc,190.84,406,active
P0559,SKU-00559,Sample Product 559,Uncategorized,191.57,413,active
P0560,SKU-00560,Sample Product 560,Food,192.30,420,active
P0561,SKU-00561,Sample Product 561,Luxuries,193.03,427,active
P0562,SKU-00562,Sample Product 562,Rent,193.76,434,active
P0563,SKU-00563,Sample Product 563,Transport,194.49,441,active
P0564,SKU-00564,Sample Product 564,Utilities,195.22,448,active
P0565,SKU-00565,Sample Product 565,Healthcare,195.95,455,active
P0566,SKU-00566,Sample Product 566,Misc,196.68,462,active
P0567,SKU-00567,Sample Product 567,Uncategorized,197.41,469,active
P0568,SKU-00568,Sample Product 568,Food,198.14,476,active
P0569,SKU-00569,Sample Product 569,Luxuries,198.87,483,active
P0570,SKU-00570,Sample Product 570,Rent,199.60,490,active
P0571,SKU-00571,Sample Product 571,Transport,200.33,497,active
P0572,SKU-00572,Sample Product 572,Utilities,201.06,4,low_stock
P0573,SKU-00573,Sample Product 573,Healthcare,201.79,11,low_stock
P0574,SKU-00574,Sample Product 574,Misc,202.52,18,low_stock
P0575,SKU-00575,Sample Product 575,Uncategorized,203.25,25,active
P0576,SKU-00576,Sample Product 576,Food,203.98,32,active
P0577,SKU-00577,Sample Product 577,Luxuries,204.71,39,active
P0578,SKU-00578,Sample Product 578,Rent,205.44,46,active
P0579,SKU-00579,Sample Product 579,Transport,206.17,53,active
P0580,SKU-00580,Sample Product 580,Utilities,206.90,60,active
P0581,SKU-00581,Sample Product 581,Healthcare,207.63,67,active
P0582,SKU-00582,Sample Product 582,Misc,208.36,74,active
P0583,SKU-00583,Sample Product 583,Uncategorized,209.09,81,active
P0584,SKU-00584,Sample Product 584,Food,209.82,88,active
P0585,SKU-00585,Sample Product 585,Luxuries,210.55,95,active
P0586,SKU-00586,Sample Product 586,Rent,211.28,102,active
P0587,SKU-00587,Sample Product 587,Transport,212.01,109,active
P0588,SKU-00588,Sample Product 588,Utilities,212.74,116,active
P0589,SKU-00589,Sample Product 589,Healthcare,213.47,123,active
P0590,SKU-00590,Sample Product 590,Misc,214.20,130,active
P0591,SKU-00591,Sample Product 591,Uncategorized,214.93,137,active
P0592,SKU-00592,Sample Product 592,Food,215.66,144,active
P0593,SKU-00593,Sample Product 593,Luxuries,216.39,151,active
P0594,SKU-00594,Sample Product 594,Rent,217.12,158,active
P0595,SKU-00595,Sample Product 595,Transport,217.85,165,active
P0596,SKU-00596,Sample Product 596,Utilities,218.58,172,active
P0597,SKU-00597,Sample Product 597,Healthcare,219.31,179,active
P0598,SKU-00598,Sample Product 598,Misc,220.04,186,active
P0599,SKU-00599,Sample Product 599,Uncategorized,220.77,193,active
P0600,SKU-00600,Sample Product 600,Food,2.50,200,active
P0601,SKU-00601,Sample Product 601,Luxuries,3.23,207,active
P0602,SKU-00602,Sample Product 602,Rent,3.96,214,active
P0603,SKU-00603,Sample Product 603,Transport,4.69,221,active
P0604,SKU-00604,Sample Product 604,Utilities,5.42,228,active
P0605,SKU-00605,Sample Product 605,Healthcare,6.15,235,active
P0606,SKU-00606,Sample Product 606,Misc,6.88,242,active
P0607,SKU-00607,Sample Product 607,Uncategorized,7.61,249,active
P0608,SKU-00608,Sample Product 608,Food,8.34,256,active
P0609,SKU-00609,Sample Product 609,Luxuries,9.07,263,active
P0610,SKU-00610,Sample Product 610,Rent,9.80,270,active
P0611,SKU-00611,Sample Product 611,Transport,10.53,277,active
P0612,SKU-00612,Sample Product 612,Utilities,11.26,284,active
P0613,SKU-00613,Sample Product 613,Healthcare,11.99,291,active
P0614,SKU-00614,Sample Product 614,Misc,12.72,298,active
P0615,SKU-00615,Sample Product 615,Uncategorized,13.45,305,active
P0616,SKU-00616,Sample Product 616,Food,14.18,312,active
P0617,SKU-00617,Sample Product 617,Luxuries,14.91,319,active
P0618,SKU-00618,Sample Product 618,Rent,15.64,326,active
P0619,SKU-00619,Sample Product 619,Transport,16.37,333,active
P0620,SKU-00620,Sample Product 620,Utilities,17.10,340,active
P0621,SKU-00621,Sample Product 621,Healthcare,17.83,347,active
P0622,SKU-00622,Sample Product 622,Misc,18.56,354,active
P0623,SKU-00623,Sample Product 623,Uncategorized,19.29,361,active
P0624,SKU-00624,Sample Product 624,Food,20.02,368,active
P0625,SKU-00625,Sample Product 625,Luxuries,20.75,375,active
P0626,SKU-00626,Sample Product 626,Rent,21.48,382,active
P0627,SKU-00627,Sample Product 627,Transport,22.21,389,active
P0628,SKU-00628,Sample Product 628,Utilities,22.94,396,active
P0629,SKU-00629,Sample Product 629,Healthcare,23.67,403,active
P0630,SKU-00630,Sample Product 630,Misc,24.40,410,active
P0631,SKU-00631,Sample Product 631,Uncategorized,25.13,417,active
P0632,SKU-00632,Sample Product 632,Food,25.86,424,active
P0633,SKU-00633,Sample Product 633,Luxuries,26.59,431,active
P0634,SKU-00634,Sample Product 634,Rent,27.32,438,active
P0635,SKU-00635,Sample Product 635,Transport,28.05,445,active
P0636,SKU-00636,Sample Product 636,Utilities,28.78,452,active
P0637,SKU-00637,Sample Product 637,Healthcare,29.51,459,active
P0638,SKU-00638,Sample Product 638,Misc,30.24,466,active
P0639,SKU-00639,Sample Product 639,Uncategorized,30.97,473,active
P0640,SKU-00640,Sample Product 640,Food,31.70,480,active
P0641,SKU-00641,Sample Product 641,Luxuries,32.43,487,active
P0642,SKU-00642,Sample Product 642,Rent,33.16,494,active
P0643,SKU-00643,Sample Product 643,Transport,33.89,1,low_stock
P0644,SKU-00644,Sample Product 644,Utilities,34.62,8,low_stock
P0645,SKU-00645,Sample Product 645,Healthcare,35.35,15,low_stock
P0646,SKU-00646,Sample Product 646,Misc,36.08,22,active
P0647,SKU-00647,Sample Product 647,Uncategorized,36.81,29,active
P0648,SKU-00648,Sample Product 648,Food,37.54,36,active
P0649,SKU-00649,Sample Product 649,Luxuries,38.27,43,active
P0650,SKU-00650,Sample Product 650,Rent,39.00,50,active
P0651,SKU-00651,Sample Product 651,Transport,39.73,57,active
P0652,SKU-00652,Sample Product 652,Utilities,40.46,64,active
P0653,SKU-00653,Sample Product 653,Healthcare,41.19,71,active
P0654,SKU-00654,Sample Product 654,Misc,41.92,78,active
P0655,SKU-00655,Sample Product 655,Uncategorized,42.65,85,active
P0656,SKU-00656,Sample Product 656,Food,43.38,92,active
P0657,SKU-00657,Sample Product 657,Luxuries,44.11,99,active
P0658,SKU-00658,Sample Product 658,Rent,44.84,106,active
P0659,SKU-00659,Sample Product 659,Transport,45.57,113,active
P0660,SKU-00660,Sample Product 660,Utilities,46.30,120,active
P0661,SKU-00661,Sample Product 661,Healthcare,47.03,127,active
P0662,SKU-00662,Sample Product 662,Misc,47.76,134,active
P0663,SKU-00663,Sample Product 663,Uncategorized,48.49,141,active
P0664,SKU-00664,Sample Product 664,Food,49.22,148,active
P0665,SKU-00665,Sample Product 665,Luxuries,49.95,155,active
P0666,SKU-00666,Sample Product 666,Rent,50.68,162,active
P0667,SKU-00667,Sample Product 667,Transport,51.41,169,active
P0668,SKU-00668,Sample Product 668,Utilities,52.14,176,active
P0669,SKU-00669,Sample Product 669,Healthcare,52.87,183,active
P0670,SKU-00670,Sample Product 670,Misc,53.60,190,active
P0671,SKU-00671,Sample Product 671,Uncategorized,54.33,197,active
P0672,SKU-00672,Sample Product 672,Food,55.06,204,active
P0673,SKU-00673,Sample Product 673,Luxuries,55.79,211,active
P0674,SKU-00674,Sample Product 674,Rent,56.52,218,active
P0675,SKU-00675,Sample Product 675,Transport,57.25,225,active
P0676,SKU-00676,Sample Product 676,Utilities,57.98,232,active
P0677,SKU-00677,Sample Product 677,Healthcare,58.71,239,active
P0678,SKU-00678,Sample Product 678,Misc,59.44,246,active
P0679,SKU-00679,Sample Product 679,Uncategorized,60.17,253,active
P0680,SKU-00680,Sample Product 680,Food,60.90,260,active
P0681,SKU-00681,Sample Product 681,Luxuries,61.63,267,active
P0682,SKU-00682,Sample Product 682,Rent,62.36,274,active
P0683,SKU-00683,Sample Product 683,Transport,63.09,281,active
P0684,SKU-00684,Sample Product 684,Utilities,63.82,288,active
P0685,SKU-00685,Sample Product 685,Healthcare,64.55,295,active
P0686,SKU-00686,Sample Product 686,Misc,65.28,302,active
P0687,SKU-00687,Sample Product 687,Uncategorized,66.01,309,active
P0688,SKU-00688,Sample Product 688,Food,66.74,316,active
P0689,SKU-00689,Sample Product 689,Luxuries,67.47,323,active
P0690,SKU-00690,Sample Product 690,Rent,68.20,330,active
P0691,SKU-00691,Sample Product 691,Transport,68.93,337,active
P0692,SKU-00692,Sample Product 692,Utilities,69.66,344,active
P0693,SKU-00693,Sample Product 693,Healthcare,70.39,351,active
P0694,SKU-00694,Sample Product 694,Misc,71.12,358,active
P0695,SKU-00695,Sample Product 695,Uncategorized,71.85,365,active
P0696,SKU-00696,Sample Product 696,Food,72.58,372,active
P0697,SKU-00697,Sample Product 697,Luxuries,73.31,379,active
P0698,SKU-00698,Sample Product 698,Rent,74.04,386,active
P0699,SKU-00699,Sample Product 699,Transport,74.77,393,active
P0700,SKU-00700,Sample Product 700,Utilities,75.50,400,active
P0701,SKU-00701,Sample Product 701,Healthcare,76.23,407,active
P0702,SKU-00702,Sample Product 702,Misc,76.96,414,active
P0703,SKU-00703,Sample Product 703,Uncategorized,77.69,421,active
P0704,SKU-00704,Sample Product 704,Food,78.42,428,active
P0705,SKU-00705,Sample Product 705,Luxuries,79.15,435,active
P0706,SKU-00706,Sample Product 706,Rent,79.88,442,active
P0707,SKU-00707,Sample Product 707,Transport,80.61,449,active
P0708,SKU-00708,Sample Product 708,Utilities,81.34,456,active
P0709,SKU-00709,Sample Product 709,Healthcare,82.07,463,active
P0710,SKU-00710,Sample Product 710,Misc,82.80,470,active
P0711,SKU-00711,Sample Product 711,Uncategorized,83.53,477,active
P0712,SKU-00712,Sample Product 712,Food,84.26,484,active
P0713,SKU-00713,Sample Product 713,Luxuries,84.99,491,active
P0714,SKU-00714,Sample Product 714,Rent,85.72,498,active
P0715,SKU-00715,Sample Product 715,Transport,86.45,5,low_stock
P0716,SKU-00716,Sample Product 716,Utilities,87.18,12,low_stock
P0717,SKU-00717,Sample Product 717,Healthcare,87.91,19,low_stock
P0718,SKU-00718,Sample Product 718,Misc,88.64,26,active
P0719,SKU-00719,Sample Product 719,Uncategorized,89.37,33,active
P0720,SKU-00720,Sample Product 720,Food,90.10,40,active
P0721,SKU-00721,Sample Product 721,Luxuries,90.83,47,active
P0722,SKU-00722,Sample Product 722,Rent,91.56,54,active
P0723,SKU-00723,Sample Product 723,Transport,92.29,61,active
P0724,SKU-00724,Sample Product 724,Utilities,93.02,68,active
P0725,SKU-00725,Sample Product 725,Healthcare,93.75,75,active
P0726,SKU-00726,Sample Product 726,Misc,94.48,82,active
P0727,SKU-00727,Sample Product 727,Uncategorized,95.21,89,active
P0728,SKU-00728,Sample Product 728,Food,95.94,96,active
P0729,SKU-00729,Sample Product 729,Luxuries,96.67,103,active
P0730,SKU-00730,Sample Product 730,Rent,97.40,110,active
P0731,SKU-00731,Sample Product 731,Transport,98.13,117,active
P0732,SKU-00732,Sample Product 732,Utilities,98.86,124,active
P0733,SKU-00733,Sample Product 733,Healthcare,99.59,131,active
P0734,SKU-00734,Sample Product 734,Misc,100.32,138,active
P0735,SKU-00735,Sample Product 735,Uncategorized,101.05,145,active
P0736,SKU-00736,Sample Product 736,Food,101.78,152,active
P0737,SKU-00737,Sample Product 737,Luxuries,102.51,159,active
P0738,SKU-00738,Sample Product 738,Rent,103.24,166,active
P0739,SKU-00739,Sample Product 739,Transport,103.97,173,active
P0740,SKU-00740,Sample Product 740,Utilities,104.70,180,active
P0741,SKU-00741,Sample Product 741,Healthcare,105.43,187,active
P0742,SKU-00742,Sample Product 742,Misc,106.16,194,active
P0743,SKU-00743,Sample Product 743,Uncategorized,106.89,201,active
P0744,SKU-00744,Sample Product 744,Food,107.62,208,active
P0745,SKU-00745,Sample Product 745,Luxuries,108.35,215,active
P0746,SKU-00746,Sample Product 746,Rent,109.08,222,active
P0747,SKU-00747,Sample Product 747,Transport,109.81,229,active
P0748,SKU-00748,Sample Product 748,Utilities,110.54,236,active
P0749,SKU-00749,Sample Product 749,Healthcare,111.27,243,active
P0750,SKU-00750,Sample Product 750,Misc,112.00,250,active
P0751,SKU-00751,Sample Product 751,Uncategorized,112.73,257,active
P0752,SKU-00752,Sample Product 752,Food,113.46,264,active
P0753,SKU-00753,Sample Product 753,Luxuries,114.19,271,active
P0754,SKU-00754,Sample Product 754,Rent,114.92,278,active
P0755,SKU-00755,Sample Product 755,Transport,115.65,285,active
P0756,SKU-00756,Sample Product 756,Utilities,116.38,292,active
P0757,SKU-00757,Sample Product 757,Healthcare,117.11,299,active
P0758,SKU-00758,Sample Product 758,Misc,117.84,306,active
P0759,SKU-00759,Sample Product 759,Uncategorized,118.57,313,active
P0760,SKU-00760,Sample Product 760,Food,119.30,320,active
P0761,SKU-00761,Sample Product 761,Luxuries,120.03,327,active
P0762,SKU-00762,Sample Product 762,Rent,120.76,334,active
P0763,SKU-00763,Sample Product 763,Transport,121.49,341,active
P0764,SKU-00764,Sample Product 764,Utilities,122.22,348,active
P0765,SKU-00765,Sample Product 765,Healthcare,122.95,355,active
P0766,SKU-00766,Sample Product 766,Misc,123.68,362,active
P0767,SKU-00767,Sample Product 767,Uncategorized,124.41,369,active
P0768,SKU-00768,Sample Product 768,Food,125.14,376,active
P0769,SKU-00769,Sample Product 769,Luxuries,125.87,383,active
P0770,SKU-00770,Sample Product 770,Rent,126.60,390,active
P0771,SKU-00771,Sample Product 771,Transport,127.33,397,active
P0772,SKU-00772,Sample Product 772,Utilities,128.06,404,active
P0773,SKU-00773,Sample Product 773,Healthcare,128.79,411,active
P0774,SKU-00774,Sample Product 774,Misc,129.52,418,active
P0775,SKU-00775,Sample Product 775,Uncategorized,130.25,425,active
P0776,SKU-00776,Sample Product 776,Food,130.98,432,active
P0777,SKU-00777,Sample Product 777,Luxuries,131.71,439,active
P0778,SKU-00778,Sample Product 778,Rent,132.44,446,active
P0779,SKU-00779,Sample Product 779,Transport,133.17,453,active
P0780,SKU-00780,Sample Product 780,Utilities,133.90,460,active
P0781,SKU-00781,Sample Product 781,Healthcare,134.63,467,active
P0782,SKU-00782,Sample Product 782,Misc,135.36,474,active
P0783,SKU-00783,Sample Product 783,Uncategorized,136.09,481,active
P0784,SKU-00784,Sample Product 784,Food,136.82,488,active
P0785,SKU-00785,Sample Product 785,Luxuries,137.55,495,active
P0786,SKU-00786,Sample Product 786,Rent,138.28,2,low_stock
P0787,SKU-00787,Sample Product 787,Transport,139.01,9,low_stock
P0788,SKU-00788,Sample Product 788,Utilities,139.74,16,low_stock
P0789,SKU-00789,Sample Product 789,Healthcare,140.47,23,active
P0790,SKU-00790,Sample Product 790,Misc,141.20,30,active
P0791,SKU-00791,Sample Product 791,Uncategorized,141.93,37,active
P0792,SKU-00792,Sample Product 792,Food,142.66,44,active
P0793,SKU-00793,Sample Product 793,Luxuries,143.39,51,active
P0794,SKU-00794,Sample Product 794,Rent,144.12,58,active
P0795,SKU-00795,Sample Product 795,Transport,144.85,65,active
P0796,SKU-00796,Sample Product 796,Utilities,145.58,72,active
P0797,SKU-00797,Sample Product 797,Healthcare,146.31,79,active
P0798,SKU-00798,Sample Product 798,Misc,147.04,86,active
P0799,SKU-00799,Sample Product 799,Uncategorized,147.77,93,active
P0800,SKU-00800,Sample Product 800,Food,148.50,100,active
P0801,SKU-00801,Sample Product 801,Luxuries,149.23,107,active
P0802,SKU-00802,Sample Product 802,Rent,149.96,114,active
P0803,SKU-00803,Sample Product 803,Transport,150.69,121,active
P0804,SKU-00804,Sample Product 804,Utilities,151.42,128,active
P0805,SKU-00805,Sample Product 805,Healthcare,152.15,135,active
P0806,SKU-00806,Sample Product 806,Misc,152.88,142,active
P0807,SKU-00807,Sample Product 807,Uncategorized,153.61,149,active
P0808,SKU-00808,Sample Product 808,Food,154.34,156,active
P0809,SKU-00809,Sample Product 809,Luxuries,155.07,163,active
P0810,SKU-00810,Sample Product 810,Rent,155.80,170,active
P0811,SKU-00811,Sample Product 811,Transport,156.53,177,active
P0812,SKU-00812,Sample Product 812,Utilities,157.26,184,active
P0813,SKU-00813,Sample Product 813,Healthcare,157.99,191,active
P0814,SKU-00814,Sample Product 814,Misc,158.72,198,active
P0815,SKU-00815,Sample Product 815,Uncategorized,159.45,205,active
P0816,SKU-00816,Sample Product 816,Food,160.18,212,active
P0817,SKU-00817,Sample Product 817,Luxuries,160.91,219,active
P0818,SKU-00818,Sample Product 818,Rent,161.64,226,active
P0819,SKU-00819,Sample Product 819,Transport,162.37,233,active
P0820,SKU-00820,Sample Product 820,Utilities,163.10,240,active
P0821,SKU-00821,Sample Product 821,Healthcare,163.83,247,active
P0822,SKU-00822,Sample Product 822,Misc,164.56,254,active
P0823,SKU-00823,Sample Product 823,Uncategorized,165.29,261,active
P0824,SKU-00824,Sample Product 824,Food,166.02,268,active
P0825,SKU-00825,Sample Product 825,Luxuries,166.75,275,active
P0826,SKU-00826,Sample Product 826,Rent,167.48,282,active
P0827,SKU-00827,Sample Product 827,Transport,168.21,289,active
P0828,SKU-00828,Sample Product 828,Utilities,168.94,296,active
P0829,SKU-00829,Sample Product 829,Healthcare,169.67,303,active
P0830,SKU-00830,Sample Product 830,Misc,170.40,310,active
P0831,SKU-00831,Sample Product 831,Uncategorized,171.13,317,active
P0832,SKU-00832,Sample Product 832,Food,171.86,324,active
P0833,SKU-00833,Sample Product 833,Luxuries,172.59,331,active
P0834,SKU-00834,Sample Product 834,Rent,173.32,338,active
P0835,SKU-00835,Sample Product 835,Transport,174.05,345,active
P0836,SKU-00836,Sample Product 836,Utilities,174.78,352,active
P0837,SKU-00837,Sample Product 837,Healthcare,175.51,359,active
P0838,SKU-00838,Sample Product 838,Misc,176.24,366,active
P0839,SKU-00839,Sample Product 839,Uncategorized,176.97,373,active
P0840,SKU-00840,Sample Product 840,Food,177.70,380,active
P0841,SKU-00841,Sample Product 841,Luxuries,178.43,387,active
P0842,SKU-00842,Sample Product 842,Rent,179.16,394,active
P0843,SKU-00843,Sample Product 843,Transport,179.89,401,active
P0844,SKU-00844,Sample Product 844,Utilities,180.62,408,active
P0845,SKU-00845,Sample Product 845,Healthcare,181.35,415,active
P0846,SKU-00846,Sample Product 846,Misc,182.08,422,active
P0847,SKU-00847,Sample Product 847,Uncategorized,182.81,429,active
P0848,SKU-00848,Sample Product 848,Food,183.54,436,active
P0849,SKU-00849,Sample Product 849,Luxuries,184.27,443,active
P0850,SKU-00850,Sample Product 850,Rent,185.00,450,active
P0851,SKU-00851,Sample Product 851,Transport,185.73,457,active
P0852,SKU-00852,Sample Product 852,Utilities,186.46,464,active
P0853,SKU-00853,Sample Product 853,Healthcare,187.19,471,active
P0854,SKU-00854,Sample Product 854,Misc,187.92,478,active
P0855,SKU-00855,Sample Product 855,Uncategorized,188.65,485,active
P0856,SKU-00856,Sample Product 856,Food,189.38,492,active
P0857,SKU-00857,Sample Product 857,Luxuries,190.11,499,active
P0858,SKU-00858,Sample Product 858,Rent,190.84,6,low_stock
P0859,SKU-00859,Sample Product 859,Transport,191.57,13,low_stock
P0860,SKU-00860,Sample Product 860,Utilities,192.30,20,active
P0861,SKU-00861,Sample Product 861,Healthcare,193.03,27,active
P0862,SKU-00862,Sample Product 862,Misc,193.76,34,active
P0863,SKU-00863,Sample Product 863,Uncategorized,194.49,41,active
P0864,SKU-00864,Sample Product 864,Food,195.22,48,active
P0865,SKU-00865,Sample Product 865,Luxuries,195.95,55,active
P0866,SKU-00866,Sample Product 866,Rent,196.68,62,active
P0867,SKU-00867,Sample Product 867,Transport,197.41,69,active
P0868,SKU-00868,Sample Product 868,Utilities,198.14,76,active
P0869,SKU-00869,Sample Product 869,Healthcare,198.87,83,active
P0870,SKU-00870,Sample Product 870,Misc,199.60,90,active
P0871,SKU-00871,Sample Product 871,Uncategorized,200.33,97,active
P0872,SKU-00872,Sample Product 872,Food,201.06,104,active
P0873,SKU-00873,Sample Product 873,Luxuries,201.79,111,active
P0874,SKU-00874,Sample Product 874,Rent,202.52,118,active
P0875,SKU-00875,Sample Product 875,Transport,203.25,125,active
P0876,SKU-00876,Sample Product 876,Utilities,203.98,132,active
P0877,SKU-00877,Sample Product 877,Healthcare,204.71,139,active
P0878,SKU-00878,Sample Product 878,Misc,205.44,146,active
P0879,SKU-00879,Sample Product 879,Uncategorized,206.17,153,active
P0880,SKU-00880,Sample Product 880,Food,206.90,160,active
P0881,SKU-00881,Sample Product 881,Luxuries,207.63,167,active
P0882,SKU-00882,Sample Product 882,Rent,208.36,174,active
P0883,SKU-00883,Sample Product 883,Transport,209.09,181,active
P0884,SKU-00884,Sample Product 884,Utilities,209.82,188,active
P0885,SKU-00885,Sample Product 885,Healthcare,210.55,195,active
P0886,SKU-00886,Sample Product 886,Misc,211.28,202,active
P0887,SKU-00887,Sample Product 887,Uncategorized,212.01,209,active
P0888,SKU-00888,Sample Product 888,Food,212.74,216,active
P0889,SKU-00889,Sample Product 889,Luxuries,213.47,223,active
P0890,SKU-00890,Sample Product 890,Rent,214.20,230,active
P0891,SKU-00891,Sample Product 891,Transport,214.93,237,active
P0892,SKU-00892,Sample Product 892,Utilities,215.66,244,active
P0893,SKU-00893,Sample Product 893,Healthcare,216.39,251,active
P0894,SKU-00894,Sample Product 894,Misc,217.12,258,active
P0895,SKU-00895,Sample Product 895,Uncategorized,217.85,265,active
P0896,SKU-00896,Sample Product 896,Food,218.58,272,active
P0897,SKU-00897,Sample Product 897,Luxuries,219.31,279,active
P0898,SKU-00898,Sample Product 898,Rent,220.04,286,active
P0899,SKU-00899,Sample Product 899,Transport,220.77,293,active
P0900,SKU-00900,Sample Product 900,Utilities,2.50,300,active
P0901,SKU-00901,Sample Product 901,Healthcare,3.23,307,active
P0902,SKU-00902,Sample Product 902,Misc,3.96,314,active
P0903,SKU-00903,Sample Product 903,Uncategorized,4.69,321,active
P0904,SKU-00904,Sample Product 904,Food,5.42,328,active
P0905,SKU-00905,Sample Product 905,Luxuries,6.15,335,active
P0906,SKU-00906,Sample Product 906,Rent,6.88,342,active
P0907,SKU-00907,Sample Product 907,Transport,7.61,349,active
P0908,SKU-00908,Sample Product 908,Utilities,8.34,356,active
P0909,SKU-00909,Sample Product 909,Healthcare,9.07,363,active
P0910,SKU-00910,Sample Product 910,Misc,9.80,370,active
P0911,SKU-00911,Sample Product 911,Uncategorized,10.53,377,active
P0912,SKU-00912,Sample Product 912,Food,11.26,384,active
P0913,SKU-00913,Sample Product 913,Luxuries,11.99,391,active
P0914,SKU-00914,Sample Product 914,Rent,12.72,398,active
P0915,SKU-00915,Sample Product 915,Transport,13.45,405,active
P0916,SKU-00916,Sample Product 916,Utilities,14.18,412,active
P0917,SKU-00917,Sample Product 917,Healthcare,14.91,419,active
P0918,SKU-00918,Sample Product 918,Misc,15.64,426,active
P0919,SKU-00919,Sample Product 919,Uncategorized,16.37,433,active
P0920,SKU-00920,Sample Product 920,Food,17.10,440,active
P0921,SKU-00921,Sample Product 921,Luxuries,17.83,447,active
P0922,SKU-00922,Sample Product 922,Rent,18.56,454,active
P0923,SKU-00923,Sample Product 923,Transport,19.29,461,active
P0924,SKU-00924,Sample Product 924,Utilities,20.02,468,active
P0925,SKU-00925,Sample Product 925,Healthcare,20.75,475,active
P0926,SKU-00926,Sample Product 926,Misc,21.48,482,active
P0927,SKU-00927,Sample Product 927,Uncategorized,22.21,489,active
P0928,SKU-00928,Sample Product 928,Food,22.94,496,active
P0929,SKU-00929,Sample Product 929,Luxuries,23.67,3,low_stock
P0930,SKU-00930,Sample Product 930,Rent,24.40,10,low_stock
P0931,SKU-00931,Sample Product 931,Transport,25.13,17,low_stock
P0932,SKU-00932,Sample Product 932,Utilities,25.86,24,active
P0933,SKU-00933,Sample Product 933,Healthcare,26.59,31,active
P0934,SKU-00934,Sample Product 934,Misc,27.32,38,active
P0935,SKU-00935,Sample Product 935,Uncategorized,28.05,45,active
P0936,SKU-00936,Sample Product 936,Food,28.78,52,active
P0937,SKU-00937,Sample Product 937,Luxuries,29.51,59,active
P0938,SKU-00938,Sample Product 938,Rent,30.24,66,active
P0939,SKU-00939,Sample Product 939,Transport,30.97,73,active
P0940,SKU-00940,Sample Product 940,Utilities,31.70,80,active
P0941,SKU-00941,Sample Product 941,Healthcare,32.43,87,active
P0942,SKU-00942,Sample Product 942,Misc,33.16,94,active
P0943,SKU-00943,Sample Product 943,Uncategorized,33.89,101,active
P0944,SKU-00944,Sample Product 944,Food,34.62,108,active
P0945,SKU-00945,Sample Product 945,Luxuries,35.35,115,active
P0946,SKU-00946,Sample Product 946,Rent,36.08,122,active
P0947,SKU-00947,Sample Product 947,Transport,36.81,129,active
P0948,SKU-00948,Sample Product 948,Utilities,37.54,136,active
P0949,SKU-00949,Sample Product 949,Healthcare,38.27,143,active
P0950,SKU-00950,Sample Product 950,Misc,39.00,150,active
P0951,SKU-00951,Sample Product 951,Uncategorized,39.73,157,active
P0952,SKU-00952,Sample Product 952,Food,40.46,164,active
P0953,SKU-00953,Sample Product 953,Luxuries,41.19,171,active
P0954,SKU-00954,Sample Product 954,Rent,41.92,178,active
P0955,SKU-00955,Sample Product 955,Transport,42.65,185,active
P0956,SKU-00956,Sample Product 956,Utilities,43.38,192,active
P0957,SKU-00957,Sample Product 957,Healthcare,44.11,199,active
P0958,SKU-00958,Sample Product 958,Misc,44.84,206,active
P0959,SKU-00959,Sample Product 959,Uncategorized,45.57,213,active
P0960,SKU-00960,Sample Product 960,Food,46.30,220,active
P0961,SKU-00961,Sample Product 961,Luxuries,47.03,227,active
P0962,SKU-00962,Sample Product 962,Rent,47.76,234,active
P0963,SKU-00963,Sample Product 963,Transport,48.49,241,active
P0964,SKU-00964,Sample Product 964,Utilities,49.22,248,active
P0965,SKU-00965,Sample Product 965,Healthcare,49.95,255,active
P0966,SKU-00966,Sample Product 966,Misc,50.68,262,active
P0967,SKU-00967,Sample Product 967,Uncategorized,51.41,269,active
P0968,SKU-00968,Sample Product 968,Food,52.14,276,active
P0969,SKU-00969,Sample Product 969,Luxuries,52.87,283,active
P0970,SKU-00970,Sample Product 970,Rent,53.60,290,active
P0971,SKU-00971,Sample Product 971,Transport,54.33,297,active
P0972,SKU-00972,Sample Product 972,Utilities,55.06,304,active
P0973,SKU-00973,Sample Product 973,Healthcare,55.79,311,active
P0974,SKU-00974,Sample Product 974,Misc,56.52,318,active
P0975,SKU-00975,Sample Product 975,Uncategorized,57.25,325,active
P0976,SKU-00976,Sample Product 976,Food,57.98,332,active
P0977,SKU-00977,Sample Product 977,Luxuries,58.71,339,active
P0978,SKU-00978,Sample Product 978,Rent,59.44,346,active
P0979,SKU-00979,Sample Product 979,Transport,60.17,353,active
P0980,SKU-00980,Sample Product 980,Utilities,60.90,360,active
P0981,SKU-00981,Sample Product 981,Healthcare,61.63,367,active
P0982,SKU-00982,Sample Product 982,Misc,62.36,374,active
P0983,SKU-00983,Sample Product 983,Uncategorized,63.09,381,active
P0984,SKU-00984,Sample Product 984,Food,63.82,388,active
P0985,SKU-00985,Sample Product 985,Luxuries,64.55,395,active
P0986,SKU-00986,Sample Product 986,Rent,65.28,402,active
P0987,SKU-00987,Sample Product 987,Transport,66.01,409,active
P0988,SKU-00988,Sample Product 988,Utilities,66.74,416,active
P0989,SKU-00989,Sample Product 989,Healthcare,67.47,423,active
P0990,SKU-00990,Sample Product 990,Misc,68.20,430,active
P0991,SKU-00991,Sample Product 991,Uncategorized,68.93,437,active
P0992,SKU-00992,Sample Product 992,Food,69.66,444,active
P0993,SKU-00993,Sample Product 993,Luxuries,70.39,451,active
P0994,SKU-00994,Sample Product 994,Rent,71.12,458,active
P0995,SKU-00995,Sample Product 995,Transport,71.85,465,active
P0996,SKU-00996,Sample Product 996,Utilities,72.58,472,active
P0997,SKU-00997,Sample Product 997,Healthcare,73.31,479,active
P0998,SKU-00998,Sample Product 998,Misc,74.04,486,active
P0999,SKU-00999,Sample Product 999,Uncategorized,74.77,493,active
P1000,SKU-01000,Sample Product 1000,Food,75.50,0,low_stock
